,Unnamed: 0,from,Team,country,elo,Season,Strength,Strength_Fpl,competition
0,2,10/08/2018,Manchester City,ENG,1974.96167,2018-2019,5,5,Premier League
1,6,10/08/2018,Liverpool,ENG,1917.3302,2018-2019,4.576094101,5,Premier League
2,7,10/08/2018,Tottenham,ENG,1914.848877,2018-2019,4.55784283,5,Premier League
3,8,10/08/2018,Manchester Utd,ENG,1884.934448,2018-2019,4.337808483,4,Premier League
4,12,10/08/2018,Chelsea,ENG,1837.004272,2018-2019,3.985260051,4,Premier League
5,13,10/08/2018,Arsenal,ENG,1824.001221,2018-2019,3.88961664,4,Premier League
6,44,10/08/2018,Everton,ENG,1699.562622,2018-2019,2.974313658,3,Premier League
7,45,10/08/2018,Leicester City,ENG,1697.498169,2018-2019,2.959128658,3,Premier League
8,48,10/08/2018,Crystal Palace,ENG,1692.95166,2018-2019,2.925687,3,Premier League
9,49,10/08/2018,Burnley,ENG,1692.930786,2018-2019,2.925533462,3,Premier League
10,55,10/08/2018,Bournemouth,ENG,1673.780518,2018-2019,2.784674452,3,Premier League
11,56,10/08/2018,West Ham,ENG,1673.732788,2018-2019,2.784323379,3,Premier League
12,57,10/08/2018,Newcastle Utd,ENG,1670.871338,2018-2019,2.7632761,3,Premier League
13,64,10/08/2018,Southampton,ENG,1653.500977,2018-2019,2.635509124,3,Premier League
14,75,10/08/2018,Fulham,ENG,1633.799683,2018-2019,2.490597068,3,Premier League
15,76,10/08/2018,Brighton,ENG,1632.868408,2018-2019,2.483747118,3,Premier League
16,80,10/08/2018,Watford,ENG,1626.435303,2018-2019,2.436428676,3,Premier League
17,102,10/08/2018,Wolves,ENG,1593.079102,2018-2019,2.191078513,2,Premier League
18,120,10/08/2018,Cardiff,ENG,1576.490356,2018-2019,2.069060683,2,Premier League
19,125,10/08/2018,Huddersfield,ENG,1567.101318,2018-2019,2,2,Premier League
20,0,10/08/2019,Liverpool,ENG,2051.601563,2019-2020,5,5,Premier League
21,1,09/08/2019,Manchester City,ENG,2041.453857,2019-2020,4.930050591,5,Premier League
22,4,09/08/2019,Tottenham,ENG,1894.996338,2019-2020,3.920500458,5,Premier League
23,5,09/08/2019,Chelsea,ENG,1887.184692,2019-2020,3.866653802,4,Premier League
24,8,09/08/2019,Arsenal,ENG,1871.064819,2019-2020,3.755537486,4,Premier League
25,9,09/08/2019,Manchester Utd,ENG,1842.407471,2019-2020,3.557998772,4,Premier League
26,19,09/08/2019,Everton,ENG,1773.84375,2019-2020,3.085380408,4,Premier League
27,28,09/08/2019,Crystal Palace,ENG,1746.714111,2019-2020,2.898372391,3.5,Premier League
28,29,09/08/2019,Leicester City,ENG,1742.852539,2019-2020,2.871754087,3.5,Premier League
29,33,10/08/2019,West Ham,ENG,1733.625854,2019-2020,2.808153388,3.5,Premier League
30,37,09/08/2019,Wolves,ENG,1724.298096,2019-2020,2.743855971,3,Premier League
31,40,09/08/2019,Newcastle Utd,ENG,1719.768188,2019-2020,2.71263075,3,Premier League
32,48,09/08/2019,Bournemouth,ENG,1695.075562,2019-2020,2.542421362,3,Premier League
33,50,09/08/2019,Watford,ENG,1689.490723,2019-2020,2.503924364,3,Premier League
34,54,09/08/2019,Burnley,ENG,1685.844604,2019-2020,2.478791212,3,Premier League
35,60,09/08/2019,Southampton,ENG,1677.967529,2019-2020,2.424493541,3,Premier League
36,76,10/08/2019,Norwich City,ENG,1633.653564,2019-2020,2.119031798,3,Premier League
37,80,09/08/2019,Sheffield Utd,ENG,1623.745361,2019-2020,2.050733306,3,Premier League
38,86,09/08/2019,Brighton,ENG,1620.440674,2019-2020,2.027953679,3,Premier League
39,89,09/08/2019,Aston Villa,ENG,1616.385376,2019-2020,2,3,Premier League
40,1,09/08/2020,Liverpool,ENG,2002.92395,2020-2021,5,5,Premier League
41,2,09/08/2020,Manchester City,ENG,1999.57959,2020-2021,4.978099722,5,Premier League
42,7,09/08/2020,Manchester Utd,ENG,1878.958496,2020-2021,4.188222062,4,Premier League
43,12,09/08/2020,Chelsea,ENG,1829.855957,2020-2021,3.866677982,4,Premier League
44,15,09/08/2020,Tottenham,ENG,1819.005737,2020-2021,3.795626179,4,Premier League
45,16,09/08/2020,Arsenal,ENG,1810.817017,2020-2021,3.742002992,4,Premier League
46,17,09/08/2020,Wolves,ENG,1796.7948,2020-2021,3.650179618,4,Premier League
47,21,09/08/2020,Leicester City,ENG,1769.278076,2020-2021,3.469988537,4,Premier League
48,33,09/08/2020,Burnley,ENG,1733.99585,2020-2021,3.238945677,3.5,Premier League
49,34,09/08/2020,Southampton,ENG,1731.504272,2020-2021,3.222629781,3.5,Premier League
50,36,09/08/2020,Everton,ENG,1727.232666,2020-2021,3.194657506,3.5,Premier League
51,44,09/08/2020,Sheffield Utd,ENG,1704.969482,2020-2021,3.048868815,3,Premier League
52,48,09/08/2020,West Ham,ENG,1697.057251,2020-2021,2.997056195,3,Premier League
53,49,09/08/2020,Newcastle Utd,ENG,1688.856445,2020-2021,2.94335387,3,Premier League
54,51,09/08/2020,Crystal Palace,ENG,1684.981812,2020-2021,2.917981138,3,Premier League
55,59,09/08/2020,Brighton,ENG,1664.924072,2020-2021,2.786634624,3,Premier League
56,62,09/08/2020,Watford,ENG,1656.980591,2020-2021,2.734617367,3,Premier League
57,72,09/08/2020,Bournemouth,ENG,1640.985229,2020-2021,2.629873012,3,Premier League
58,79,09/08/2020,Aston Villa,ENG,1629.547119,2020-2021,2.554971455,3,Premier League
59,144,09/08/2020,Norwich City,ENG,1544.798218,2020-2021,2,2,Premier League
60,0,30/05/2021,Manchester City,ENG,2012.768188,2021-2022,5,5,Premier League
61,2,27/05/2021,Liverpool,ENG,1940.197632,2021-2022,4.391132733,5,Premier League
62,4,27/05/2021,Manchester Utd,ENG,1925.871948,2021-2022,4.270940188,5,Premier League
63,5,30/05/2021,Chelsea,ENG,1923.202026,2021-2022,4.248539533,5,Premier League
64,10,27/05/2021,Arsenal,ENG,1866.674561,2021-2022,3.774273863,4,Premier League
65,15,27/05/2021,Tottenham,ENG,1831.750122,2021-2022,3.481257681,4,Premier League
66,19,22/07/2021,West Ham,ENG,1810.996338,2021-2022,3.307133347,4,Premier League
67,23,23/07/2021,Leicester City,ENG,1801.89502,2021-2022,3.230773249,4,Premier League
68,24,27/05/2021,Leeds United,ENG,1783.741211,2021-2022,3.07846272,4,Premier League
69,25,27/05/2021,Everton,ENG,1771.193726,2021-2022,2.973189267,4,Premier League
70,33,09/08/2021,Aston Villa,ENG,1747.112305,2021-2022,2.771146047,3.5,Premier League
71,36,08/08/2021,Wolves,ENG,1738.544434,2021-2022,2.699261573,3.5,Premier League
72,40,05/08/2021,Newcastle Utd,ENG,1724.895874,2021-2022,2.584750102,3,Premier League
73,43,07/08/2021,Brighton,ENG,1720.883423,2021-2022,2.551085621,3,Premier League
74,45,07/08/2021,Burnley,ENG,1709.373291,2021-2022,2.454515567,3,Premier League
75,48,06/08/2021,Southampton,ENG,1700.751099,2021-2022,2.382175338,3,Premier League
76,51,08/08/2021,Crystal Palace,ENG,1693.309448,2021-2022,2.319739861,3,Premier League
77,64,08/08/2021,Watford,ENG,1673.335571,2021-2022,2.152158951,3,Premier League
78,66,29/07/2021,Brentford,ENG,1671.978882,2021-2022,2.140776321,3,Premier League
79,72,22/07/2021,Norwich City,ENG,1655.199829,2021-2022,2,3,Premier League
80,0,08/08/2022,Manchester City,ENG,2030.111572,2022-2023,5,5,Premier League
81,1,08/08/2022,Liverpool,ENG,2027.356934,2022-2023,4.980474104,5,Premier League
82,4,07/08/2022,Chelsea,ENG,1903.339111,2022-2023,4.101389985,5,Premier League
83,7,07/08/2022,Tottenham,ENG,1871.393799,2022-2023,3.874949814,4,Premier League
84,10,10/08/2022,Arsenal,ENG,1861.013916,2022-2023,3.801373372,4,Premier League
85,19,08/08/2022,Manchester Utd,ENG,1800.013428,2022-2023,3.368979386,4,Premier League
86,23,08/08/2022,West Ham,ENG,1777.949951,2022-2023,3.212585317,4,Premier League
87,24,08/08/2022,Leicester City,ENG,1776.175781,2022-2023,3.200009345,4,Premier League
88,27,10/08/2022,Brighton,ENG,1770.779053,2022-2023,3.16175534,4,Premier League
89,29,08/08/2022,Newcastle Utd,ENG,1762.189331,2022-2023,3.100868221,4,Premier League
90,33,10/08/2022,Crystal Palace,ENG,1744.344849,2022-2023,2.974379941,3.5,Premier League
91,42,07/08/2022,Aston Villa,ENG,1726.958008,2022-2023,2.851135593,3,Premier League
92,46,08/08/2022,Wolves,ENG,1717.734619,2022-2023,2.785756808,3,Premier League
93,47,08/08/2022,Brentford,ENG,1717.469116,2022-2023,2.783874825,3,Premier League
94,49,10/08/2022,Leeds United,ENG,1710.66626,2022-2023,2.735653667,3,Premier League
95,54,10/08/2022,Everton,ENG,1694.678101,2022-2023,2.622323691,3,Premier League
96,63,08/08/2022,Southampton,ENG,1666.890747,2022-2023,2.425356668,3,Premier League
97,78,08/08/2022,Bournemouth,ENG,1643.98291,2022-2023,2.262977461,3,Premier League
98,79,08/08/2022,Fulham,ENG,1643.681274,2022-2023,2.260839356,3,Premier League
99,98,07/08/2022,Nott'ham Forest,ENG,1606.883057,2022-2023,2,3,Premier League
100,0,11/06/2023,Manchester City,ENG,2077.269043,2023-2024,5,5,Premier League
101,1,11/06/2023,Liverpool,ENG,1946.9198,2023-2024,4.169272719,5,Premier League
102,3,11/06/2023,Arsenal,ENG,1919.381104,2023-2024,3.993766167,5,Premier League
103,7,11/06/2023,Newcastle Utd,ENG,1876.017456,2023-2024,3.717405798,4,Premier League
104,8,11/06/2023,Manchester Utd,ENG,1873.674316,2023-2024,3.702472762,4,Premier League
105,14,11/06/2023,Brighton,ENG,1828.197021,2023-2024,3.41264193,4,Premier League
106,15,11/06/2023,Aston Villa,ENG,1828.007935,2023-2024,3.411436862,4,Premier League
107,17,11/06/2023,Brentford,ENG,1824.344971,2023-2024,3.388092469,4,Premier League
108,18,04/08/2023,Tottenham,ENG,1815.888184,2023-2024,3.334196615,4,Premier League
109,24,11/06/2023,Chelsea,ENG,1788.117554,2023-2024,3.157211929,4,Premier League
110,26,11/06/2023,West Ham,ENG,1779.475586,2023-2024,3.102135903,4,Premier League
111,31,04/08/2023,Crystal Palace,ENG,1757.406738,2023-2024,2.96148918,4,Premier League
112,40,11/06/2023,Fulham,ENG,1736.650024,2023-2024,2.829204803,3.5,Premier League
113,43,07/08/2023,Burnley,ENG,1726.418579,2023-2024,2.763998895,3,Premier League
114,45,11/06/2023,Wolves,ENG,1719.057129,2023-2024,2.717083721,3,Premier League
115,48,11/06/2023,Everton,ENG,1708.252686,2023-2024,2.648226046,3,Premier League
116,60,11/06/2023,Nott'ham Forest,ENG,1673.984985,2023-2024,2.429834955,3,Premier League
117,66,04/08/2023,Bournemouth,ENG,1660.656616,2023-2024,2.344892077,3,Premier League
118,80,04/08/2023,Sheffield Utd,ENG,1644.081299,2023-2024,2.23925611,3,Premier League
119,108,02/07/2023,Luton Town,ENG,1606.539673,2023-2024,2,3,Premier League
120,0,20/05/2024,Manchester City,ENG,2050.572998,2024-2025,5,5,Premier League
121,3,23/05/2024,Arsenal,ENG,1946.902832,2024-2025,4.355081076,5,Premier League
122,5,02/06/2024,Liverpool,ENG,1900.688354,2024-2025,4.067586686,5,Premier League
123,17,10/08/2024,Chelsea,ENG,1810.119629,2024-2025,3.504170157,4,Premier League
124,19,25/05/2024,Newcastle Utd,ENG,1801.797119,2024-2025,3.452396881,4,Premier League
125,23,09/08/2024,Tottenham,ENG,1790.556641,2024-2025,3.382471293,4,Premier League
126,26,02/08/2024,Manchester Utd,ENG,1779.043945,2024-2025,3.310852279,4,Premier League
127,30,09/08/2024,Aston Villa,ENG,1770.435059,2024-2025,3.257297489,4,Premier League
128,35,09/08/2024,Crystal Palace,ENG,1759.708008,2024-2025,3.19056587,4,Premier League
129,39,07/08/2024,West Ham,ENG,1726.24292,2024-2025,2.982383812,3,Premier League
130,43,09/08/2024,Fulham,ENG,1716.276367,2024-2025,2.920383155,3,Premier League
131,47,27/05/2024,Brighton,ENG,1713.163208,2024-2025,2.901016587,3,Premier League
132,48,09/08/2024,Brentford,ENG,1711.083984,2024-2025,2.888082001,3,Premier League
133,51,08/08/2024,Everton,ENG,1706.85083,2024-2025,2.861748087,3,Premier League
134,58,08/08/2024,Bournemouth,ENG,1691.123657,2024-2025,2.763911343,3,Premier League
135,62,02/06/2024,Wolves,ENG,1677.862305,2024-2025,2.681414155,3,Premier League
136,76,09/08/2024,Nott'ham Forest,ENG,1647.714966,2024-2025,2.493871392,3,Premier League
137,84,05/08/2024,Leicester City,ENG,1643.669434,2024-2025,2.468704651,3,Premier League
138,111,04/07/2024,Southampton,ENG,1599.603394,2024-2025,2.194575417,3,Premier League
139,133,04/07/2024,Ipswich,ENG,1568.325562,2024-2025,2,2,Premier League
140,0,11/04/2025,Liverpool,ENG,2014.815186,2025-2026,5,5,Premier League
141,1,11/04/2025,Arsenal,ENG,1995.399658,2025-2026,4.874684944,5,Premier League
142,7,11/04/2025,Manchester City,ENG,1921.518921,2025-2026,4.397831104,5,Premier League
143,11,11/04/2025,Chelsea,ENG,1853.273438,2025-2026,3.957349295,4,Premier League
144,12,11/04/2025,Newcastle Utd,ENG,1836.783813,2025-2026,3.85091911,4,Premier League
145,14,11/04/2025,Aston Villa,ENG,1821.525513,2025-2026,3.752436345,4,Premier League
146,17,11/04/2025,Crystal Palace,ENG,1808.427734,2025-2026,3.667898397,4,Premier League
147,18,11/04/2025,Tottenham,ENG,1805.860718,2025-2026,3.651329914,4,Premier League
148,19,11/04/2025,Bournemouth,ENG,1804.706665,2025-2026,3.643881228,4,Premier League
149,20,11/04/2025,Nott'ham Forest,ENG,1800.196167,2025-2026,3.61476879,4,Premier League
150,21,11/04/2025,Brighton,ENG,1797.781372,2025-2026,3.599182803,4,Premier League
151,23,11/04/2025,Manchester Utd,ENG,1785.169067,2025-2026,3.517778284,4,Premier League
152,30,11/04/2025,Fulham,ENG,1772.113403,2025-2026,3.433512157,4,Premier League
153,34,11/04/2025,Brentford,ENG,1758.223511,2025-2026,3.343861609,4,Premier League
154,36,11/04/2025,Everton,ENG,1752.952881,2025-2026,3.309842998,3.5,Premier League
155,41,11/04/2025,West Ham,ENG,1737.129395,2025-2026,3.207712314,3.5,Premier League
156,58,11/04/2025,Wolves,ENG,1691.041992,2025-2026,2.910247026,3,Premier League
157,100,11/04/2025,Leicester City,ENG,1600.193604,2025-2026,2.323877635,3,Premier League
158,109,11/04/2025,Ipswich,ENG,1588.030518,2025-2026,2.245372541,2,Premier League
159,144,11/04/2025,Southampton,ENG,1550.014038,2025-2026,2,2,Premier League
160,0,10/08/2018,Barcelona,ESP,2027.389893,2018-2019,5,5,La Liga
161,1,10/08/2018,Real Madrid,ESP,2023.073486,2018-2019,4.969391279,5,La Liga
162,5,10/08/2018,Aletico Madrid,ESP,1931.49231,2018-2019,4.31996616,5,La Liga
163,14,10/08/2018,Valencia,ESP,1799.163452,2018-2019,3.381589005,4,La Liga
164,18,10/08/2018,Sevilla,ESP,1765.111938,2018-2019,3.140121171,4,La Liga
165,20,10/08/2018,Villarreal,ESP,1761.266724,2018-2019,3.112853787,4,La Liga
166,27,10/08/2018,Real Sociedad,ESP,1732.113892,2018-2019,2.906123735,3.5,La Liga
167,29,10/08/2018,Espanyol,ESP,1729.325195,2018-2019,2.886348389,3.5,La Liga
168,33,10/08/2018,Betis,ESP,1725.694458,2018-2019,2.86060192,3,La Liga
169,34,10/08/2018,Eibar,ESP,1725.425049,2018-2019,2.858691471,3,La Liga
170,36,10/08/2018,Getafe,ESP,1721.582275,2018-2019,2.8314414,3,La Liga
171,37,10/08/2018,Celta Vigo,ESP,1718.576172,2018-2019,2.810124365,3,La Liga
172,41,10/08/2018,Alaves,ESP,1706.654541,2018-2019,2.725585087,3,La Liga
173,43,10/08/2018,Athletic Club,ESP,1700.315308,2018-2019,2.680631992,3,La Liga
174,47,10/08/2018,Levante,ESP,1695.149536,2018-2019,2.644000209,3,La Liga
175,60,10/08/2018,Girona,ESP,1664.191772,2018-2019,2.424470933,3,La Liga
176,74,10/08/2018,Leganes,ESP,1634.987915,2018-2019,2.217379048,3,La Liga
177,84,10/08/2018,Valladolid,ESP,1621.215332,2018-2019,2.119714203,3,La Liga
178,89,10/08/2018,Rayo Vallecano,ESP,1609.487183,2018-2019,2.036546951,3,La Liga
179,92,10/08/2018,Huesca,ESP,1604.333374,2018-2019,2,3,La Liga
180,2,09/08/2019,Barcelona,ESP,2000.979614,2019-2020,5,5,La Liga
181,6,09/08/2019,Aletico Madrid,ESP,1878.17688,2019-2020,4.15165621,4,La Liga
182,10,09/08/2019,Real Madrid,ESP,1841.599976,2019-2020,3.898976253,4,La Liga
183,14,09/08/2019,Valencia,ESP,1813.405884,2019-2020,3.704206301,4,La Liga
184,22,09/08/2019,Getafe,ESP,1760.974121,2019-2020,3.341998077,4,La Liga
185,27,09/08/2019,Sevilla,ESP,1748.335693,2019-2020,3.254689503,3.5,La Liga
186,30,09/08/2019,Espanyol,ESP,1742.775146,2019-2020,3.216276226,3.5,La Liga
187,34,09/08/2019,Villarreal,ESP,1732.61084,2019-2020,3.146059333,3.5,La Liga
188,38,09/08/2019,Athletic Club,ESP,1721.770386,2019-2020,3.07117149,3,La Liga
189,41,09/08/2019,Real Sociedad,ESP,1719.182007,2019-2020,3.053290495,3,La Liga
190,43,09/08/2019,Eibar,ESP,1712.529053,2019-2020,3.007330669,3,La Liga
191,53,09/08/2019,Betis,ESP,1686.247559,2019-2020,2.825773291,3,La Liga
192,55,09/08/2019,Levante,ESP,1685.63562,2019-2020,2.821545908,3,La Liga
193,56,09/08/2019,Alaves,ESP,1683.158081,2019-2020,2.804430615,3,La Liga
194,57,09/08/2019,Celta Vigo,ESP,1680.914429,2019-2020,2.788931053,3,La Liga
195,62,09/08/2019,Leganes,ESP,1670.545776,2019-2020,2.717302503,3,La Liga
196,73,09/08/2019,Osasuna,ESP,1641.400024,2019-2020,2.515958308,3,La Liga
197,88,09/08/2019,Valladolid,ESP,1617.104248,2019-2020,2.348118633,3,La Liga
198,98,09/08/2019,Granada,ESP,1599.508423,2019-2020,2.226563449,3,La Liga
199,121,09/08/2019,Mallorca,ESP,1566.712036,2019-2020,2,2,La Liga
200,3,09/08/2020,Barcelona,ESP,1972.15979,2020-2021,5,5,La Liga
201,4,09/08/2020,Real Madrid,ESP,1920.625366,2020-2021,4.576702759,5,La Liga
202,6,09/08/2020,Aletico Madrid,ESP,1900.842163,2020-2021,4.414206031,5,La Liga
203,9,09/08/2020,Sevilla,ESP,1839.041626,2020-2021,3.906584234,4,La Liga
204,20,09/08/2020,Villarreal,ESP,1773.907349,2020-2021,3.371579516,4,La Liga
205,29,09/08/2020,Real Sociedad,ESP,1742.788818,2020-2021,3.115975844,3.5,La Liga
206,30,09/08/2020,Getafe,ESP,1738.394165,2020-2021,3.079878717,3.5,La Liga
207,31,09/08/2020,Valencia,ESP,1736.248901,2020-2021,3.062257792,3.5,La Liga
208,38,09/08/2020,Athletic Club,ESP,1723.069092,2020-2021,2.954000503,3,La Liga
209,41,09/08/2020,Granada,ESP,1717.074829,2020-2021,2.904764388,3,La Liga
210,45,09/08/2020,Levante,ESP,1701.195923,2020-2021,2.77433706,3,La Liga
211,47,09/08/2020,Osasuna,ESP,1698.288696,2020-2021,2.750457468,3,La Liga
212,50,09/08/2020,Eibar,ESP,1687.082886,2020-2021,2.658414357,3,La Liga
213,55,09/08/2020,Celta Vigo,ESP,1671.388062,2020-2021,2.529499056,3,La Liga
214,56,09/08/2020,Betis,ESP,1669.025391,2020-2021,2.510092376,3,La Liga
215,58,09/08/2020,Leganes,ESP,1666.163696,2020-2021,2.486586781,3,La Liga
216,63,09/08/2020,Valladolid,ESP,1656.302246,2020-2021,2.405586076,3,La Liga
217,68,09/08/2020,Alaves,ESP,1644.706543,2020-2021,2.310340437,3,La Liga
218,88,09/08/2020,Espanyol,ESP,1610.707886,2020-2021,2.031079765,3,La Liga
219,92,10/08/2020,Mallorca,ESP,1606.924072,2020-2021,2,3,La Liga
220,3,27/05/2021,Real Madrid,ESP,1938.077881,2021-2022,5,5,La Liga
221,6,30/05/2021,Barcelona,ESP,1913.691772,2021-2022,4.786884564,5,La Liga
222,8,27/05/2021,Aletico Madrid,ESP,1895.427124,2021-2022,4.62726588,5,La Liga
223,12,27/05/2021,Sevilla,ESP,1847.529297,2021-2022,4.208676487,4,La Liga
224,16,27/05/2021,Villarreal,ESP,1823.541748,2021-2022,3.999044148,4,La Liga
225,27,27/05/2021,Real Sociedad,ESP,1761.445801,2021-2022,3.456374335,4,La Liga
226,34,08/08/2021,Betis,ESP,1740.60022,2021-2022,3.274200328,3.5,La Liga
227,42,07/08/2021,Celta Vigo,ESP,1721.60791,2021-2022,3.108222457,3,La Liga
228,44,07/08/2021,Athletic Club,ESP,1709.684448,2021-2022,3.004020764,3,La Liga
229,47,06/08/2021,Valencia,ESP,1701.116333,2021-2022,2.929142166,3,La Liga
230,56,08/08/2021,Osasuna,ESP,1685.160156,2021-2022,2.789697712,3,La Liga
231,63,08/08/2021,Granada,ESP,1674.595337,2021-2022,2.697369488,3,La Liga
232,68,09/08/2021,Getafe,ESP,1669.053955,2021-2022,2.648942162,3,La Liga
233,70,09/08/2021,Levante,ESP,1664.712769,2021-2022,2.611003601,3,La Liga
234,73,02/07/2021,Espanyol,ESP,1648.595581,2021-2022,2.47015204,3,La Liga
235,78,04/08/2021,Alaves,ESP,1633.822144,2021-2022,2.341043798,3,La Liga
236,80,08/08/2021,Mallorca,ESP,1629.659058,2021-2022,2.304661697,3,La Liga
237,87,08/08/2021,Cadiz,ESP,1611.360718,2021-2022,2.144748577,3,La Liga
238,96,09/08/2021,Rayo Vallecano,ESP,1599.379639,2021-2022,2.040043355,3,La Liga
239,102,21/06/2021,Elche,ESP,1594.797607,2021-2022,2,3,La Liga
240,2,29/05/2022,Real Madrid,ESP,1983.037598,2022-2023,5,5,La Liga
241,6,29/05/2022,Barcelona,ESP,1875.882324,2022-2023,4.1385797,4,La Liga
242,8,07/08/2022,Aletico Madrid,ESP,1868.527832,2022-2023,4.079457002,4,La Liga
243,12,29/05/2022,Villarreal,ESP,1840.418945,2022-2023,3.853489909,4,La Liga
244,15,29/05/2022,Sevilla,ESP,1826.556519,2022-2023,3.742049982,4,La Liga
245,22,08/08/2022,Betis,ESP,1778.931152,2022-2023,3.359190082,4,La Liga
246,30,10/08/2022,Real Sociedad,ESP,1756.363892,2022-2023,3.177772072,4,La Liga
247,35,07/08/2022,Athletic Club,ESP,1739.264038,2022-2023,3.0403065,3.5,La Liga
248,50,10/08/2022,Celta Vigo,ESP,1708.344482,2022-2023,2.791744464,3,La Liga
249,53,10/08/2022,Valencia,ESP,1698.466187,2022-2023,2.71233293,3,La Liga
250,60,29/05/2022,Getafe,ESP,1672.595947,2022-2023,2.504362304,3,La Liga
251,62,08/08/2022,Osasuna,ESP,1669.470947,2022-2023,2.479240457,3,La Liga
252,73,10/08/2022,Cadiz,ESP,1650.632935,2022-2023,2.327801838,3,La Liga
253,74,10/08/2022,Espanyol,ESP,1647.612793,2022-2023,2.303522947,3,La Liga
254,75,05/08/2022,Valladolid,ESP,1646.443237,2022-2023,2.294120899,3,La Liga
255,85,07/08/2022,Elche,ESP,1631.018555,2022-2023,2.170122011,3,La Liga
256,86,01/08/2022,Almeria,ESP,1630.250854,2022-2023,2.163950476,3,La Liga
257,94,08/08/2022,Rayo Vallecano,ESP,1616.94458,2022-2023,2.056981453,3,La Liga
258,96,07/08/2022,Mallorca,ESP,1615.093994,2022-2023,2.042104609,3,La Liga
259,97,07/08/2022,Girona,ESP,1609.856445,2022-2023,2,3,La Liga
260,4,08/06/2023,Real Madrid,ESP,1906.47168,2023-2024,5,5,La Liga
261,9,05/06/2023,Barcelona,ESP,1862.143066,2023-2024,4.597262589,4,La Liga
262,10,05/06/2023,Aletico Madrid,ESP,1846.316528,2023-2024,4.453474221,4,La Liga
263,23,05/06/2023,Real Sociedad,ESP,1788.512817,2023-2024,3.928311913,4,La Liga
264,27,08/06/2023,Villarreal,ESP,1771.602661,2023-2024,3.774678581,4,La Liga
265,28,08/06/2023,Sevilla,ESP,1768.188599,2023-2024,3.743660902,4,La Liga
266,38,05/06/2023,Betis,ESP,1739.290771,2023-2024,3.481116347,3.5,La Liga
267,53,30/07/2023,Athletic Club,ESP,1696.703735,2023-2024,3.094201634,3,La Liga
268,61,08/06/2023,Osasuna,ESP,1670.770142,2023-2024,2.858587939,3,La Liga
269,63,10/08/2023,Girona,ESP,1666.841797,2023-2024,2.822897867,3,La Liga
270,65,05/08/2023,Valencia,ESP,1661.932129,2023-2024,2.778292209,3,La Liga
271,69,09/08/2023,Celta Vigo,ESP,1659.408936,2023-2024,2.755368316,3,La Liga
272,75,10/08/2023,Getafe,ESP,1651.064209,2023-2024,2.679554224,3,La Liga
273,78,04/08/2023,Mallorca,ESP,1649.572388,2023-2024,2.666000626,3,La Liga
274,83,10/08/2023,Cadiz,ESP,1634.785767,2023-2024,2.531660184,3,La Liga
275,91,10/08/2023,Rayo Vallecano,ESP,1623.345947,2023-2024,2.427726339,3,La Liga
276,94,04/08/2023,Granada,ESP,1620.594727,2023-2024,2.402730756,3,La Liga
277,95,06/08/2023,Almeria,ESP,1619.36499,2023-2024,2.39155827,3,La Liga
278,113,02/07/2023,Alaves,ESP,1598.60144,2023-2024,2.202915819,3,La Liga
279,125,02/07/2023,Las Palmas,ESP,1576.266846,2023-2024,2,2,La Liga
280,1,02/06/2024,Real Madrid,ESP,1997.411255,2024-2025,5,5,La Liga
281,8,02/06/2024,Barcelona,ESP,1882.093384,2024-2025,4.196718226,4,La Liga
282,13,02/06/2024,Aletico Madrid,ESP,1828.52356,2024-2025,3.82356129,4,La Liga
283,21,02/06/2024,Girona,ESP,1793.732666,2024-2025,3.581214719,4,La Liga
284,31,03/06/2024,Real Sociedad,ESP,1766.555542,2024-2025,3.391904179,4,La Liga
285,32,03/06/2024,Athletic Club,ESP,1764.153809,2024-2025,3.375174173,4,La Liga
286,37,02/06/2024,Villarreal,ESP,1742.097534,2024-2025,3.221534472,3.5,La Liga
287,49,09/08/2024,Betis,ESP,1709.260132,2024-2025,2.992795539,3,La Liga
288,64,02/06/2024,Sevilla,ESP,1676.251587,2024-2025,2.76286446,3,La Liga
289,70,09/08/2024,Valencia,ESP,1663.416382,2024-2025,2.673456928,3,La Liga
290,72,02/08/2024,Celta Vigo,ESP,1653.128052,2024-2025,2.60179043,3,La Liga
291,75,08/08/2024,Osasuna,ESP,1651.60498,2024-2025,2.591181012,3,La Liga
292,79,09/08/2024,Alaves,ESP,1645.66687,2024-2025,2.549817295,3,La Liga
293,85,02/08/2024,Mallorca,ESP,1642.413696,2024-2025,2.527156321,3,La Liga
294,93,10/08/2024,Getafe,ESP,1626.931519,2024-2025,2.419310494,3,La Liga
295,102,02/06/2024,Rayo Vallecano,ESP,1612.178467,2024-2025,2.316543616,3,La Liga
296,110,04/07/2024,Espanyol,ESP,1600.118774,2024-2025,2.232538154,3,La Liga
297,118,04/07/2024,Valladolid,ESP,1593.779541,2024-2025,2.188380292,2,La Liga
298,121,02/06/2024,Las Palmas,ESP,1588.574951,2024-2025,2.152126135,2,La Liga
299,136,04/07/2024,Leganes,ESP,1566.735962,2024-2025,2,2,La Liga
300,2,11/04/2025,Real Madrid,ESP,1958.63916,2025-2026,5,5,La Liga
301,5,11/04/2025,Barcelona,ESP,1937.570068,2025-2026,4.851757289,5,La Liga
302,8,11/04/2025,Aletico Madrid,ESP,1881.954224,2025-2026,4.460442672,4,La Liga
303,16,11/04/2025,Athletic Club,ESP,1810.240967,2025-2026,3.955866219,4,La Liga
304,33,11/04/2025,Villarreal,ESP,1763.390625,2025-2026,3.626225922,4,La Liga
305,44,11/04/2025,Betis,ESP,1734.001343,2025-2026,3.419442122,3.5,La Liga
306,52,11/04/2025,Real Sociedad,ESP,1695.50061,2025-2026,3.148549907,3,La Liga
307,54,11/04/2025,Sevilla,ESP,1694.630493,2025-2026,3.142427739,3,La Liga
308,57,11/04/2025,Girona,ESP,1693.56311,2025-2026,3.134917604,3,La Liga
309,62,11/04/2025,Celta Vigo,ESP,1680.063599,2025-2026,3.039934667,3,La Liga
310,67,11/04/2025,Osasuna,ESP,1676.488281,2025-2026,3.014778635,3,La Liga
311,69,11/04/2025,Getafe,ESP,1673.777466,2025-2026,2.995705263,3,La Liga
312,73,11/04/2025,Mallorca,ESP,1666.568115,2025-2026,2.944980074,3,La Liga
313,75,11/04/2025,Rayo Vallecano,ESP,1664.53418,2025-2026,2.930669247,3,La Liga
314,78,11/04/2025,Valencia,ESP,1653.158325,2025-2026,2.850628421,3,La Liga
315,87,11/04/2025,Alaves,ESP,1633.327271,2025-2026,2.711096574,3,La Liga
316,91,11/04/2025,Espanyol,ESP,1622.635498,2025-2026,2.635868968,3,La Liga
317,104,11/04/2025,Las Palmas,ESP,1592.111816,2025-2026,2.421103502,2,La Liga
318,105,11/04/2025,Leganes,ESP,1590.382813,2025-2026,2.408938183,2,La Liga
319,156,11/04/2025,Valladolid,ESP,1532.262207,2025-2026,2,2,La Liga
320,9,10/08/2018,Paris SG,FRA,1882.460449,2018-2019,5,4,Ligue 1
321,15,10/08/2018,Monaco,FRA,1772.828613,2018-2019,4.177738144,4,Ligue 1
322,16,10/08/2018,Lyon,FRA,1768.001343,2018-2019,4.141532599,4,Ligue 1
323,17,10/08/2018,Marseille,FRA,1767.172363,2018-2019,4.135315078,4,Ligue 1
324,69,10/08/2018,Rennes,FRA,1643.112061,2018-2019,3.204836684,3,Ligue 1
325,70,10/08/2018,Bordeaux,FRA,1641.178711,2018-2019,3.190336154,3,Ligue 1
326,71,10/08/2018,Nice,FRA,1640.708862,2018-2019,3.186812191,3,Ligue 1
327,82,10/08/2018,Saint-Etienne,FRA,1623.762451,2018-2019,3.059710539,3,Ligue 1
328,101,10/08/2018,Montpellier,FRA,1594.302856,2018-2019,2.838757375,2,Ligue 1
329,111,10/08/2018,Reims,FRA,1581.786865,2018-2019,2.744884805,2,Ligue 1
330,114,10/08/2018,Nantes,FRA,1579.414063,2018-2019,2.727088285,2,Ligue 1
331,133,10/08/2018,Guingamp,FRA,1561.537109,2018-2019,2.593007372,2,Ligue 1
332,141,10/08/2018,Dijon,FRA,1553.02063,2018-2019,2.529131982,2,Ligue 1
333,144,10/08/2018,Angers,FRA,1550.648071,2018-2019,2.511337293,2,Ligue 1
334,153,10/08/2018,Toulouse,FRA,1540.584717,2018-2019,2.435860016,2,Ligue 1
335,154,10/08/2018,Nimes,FRA,1539.826416,2018-2019,2.4301726,2,Ligue 1
336,156,10/08/2018,Lille,FRA,1536.368286,2018-2019,2.404235898,2,Ligue 1
337,157,10/08/2018,Amiens,FRA,1534.113525,2018-2019,2.387324717,2,Ligue 1
338,194,10/08/2018,Strasbourg,FRA,1486.230957,2018-2019,2.028195372,2,Ligue 1
339,203,10/08/2018,Caen,FRA,1482.47168,2018-2019,2,2,Ligue 1
340,11,09/08/2019,Paris SG,FRA,1834.34082,2019-2020,5,4,Ligue 1
341,31,10/08/2019,Lyon,FRA,1741.413208,2019-2020,4.174459599,3.5,Ligue 1
342,59,09/08/2019,Lille,FRA,1678.218628,2019-2020,3.613058335,3,Ligue 1
343,68,09/08/2019,Saint-Etienne,FRA,1660.826172,2019-2020,3.458549091,3,Ligue 1
344,72,09/08/2019,Marseille,FRA,1641.881104,2019-2020,3.290246915,3,Ligue 1
345,82,09/08/2019,Montpellier,FRA,1623.301147,2019-2020,3.125188285,3,Ligue 1
346,85,09/08/2019,Rennes,FRA,1621.107422,2019-2020,3.1056999,3,Ligue 1
347,95,09/08/2019,Nice,FRA,1601.647827,2019-2020,2.93282683,3,Ligue 1
348,102,09/08/2019,Reims,FRA,1588.90271,2019-2020,2.819603118,2,Ligue 1
349,114,09/08/2019,Nimes,FRA,1575.771362,2019-2020,2.702948254,2,Ligue 1
350,115,09/08/2019,Nantes,FRA,1574.789185,2019-2020,2.694222888,2,Ligue 1
351,129,09/08/2019,Strasbourg,FRA,1560.939209,2019-2020,2.571183954,2,Ligue 1
352,130,09/08/2019,Angers,FRA,1560.621948,2019-2020,2.568365507,2,Ligue 1
353,131,10/08/2019,Monaco,FRA,1559.627075,2019-2020,2.55952736,2,Ligue 1
354,133,09/08/2019,Bordeaux,FRA,1558.477295,2019-2020,2.549313064,2,Ligue 1
355,156,09/08/2019,Metz,FRA,1527.167358,2019-2020,2.271165193,2,Ligue 1
356,174,09/08/2019,Brest,FRA,1512.408203,2019-2020,2.140049385,2,Ligue 1
357,181,09/08/2019,Amiens,FRA,1507.683105,2019-2020,2.098073067,2,Ligue 1
358,189,09/08/2019,Dijon,FRA,1501.946411,2019-2020,2.047110034,2,Ligue 1
359,196,09/08/2019,Toulouse,FRA,1496.643433,2019-2020,2,2,Ligue 1
360,5,08/08/2020,Paris SG,FRA,1903.755981,2020-2021,5,5,Ligue 1
361,43,09/08/2020,Lyon,FRA,1707.213989,2020-2021,3.599877328,3,Ligue 1
362,52,09/08/2020,Marseille,FRA,1684.888794,2020-2021,3.440837462,3,Ligue 1
363,57,09/08/2020,Lille,FRA,1668.519531,2020-2021,3.324226373,3,Ligue 1
364,65,09/08/2020,Rennes,FRA,1652.245728,2020-2021,3.208295312,3,Ligue 1
365,82,08/08/2020,Montpellier,FRA,1617.068726,2020-2021,2.957701954,3,Ligue 1
366,85,08/08/2020,Reims,FRA,1611.489136,2020-2021,2.917954161,3,Ligue 1
367,86,08/08/2020,Nice,FRA,1611.393921,2020-2021,2.917275872,3,Ligue 1
368,106,08/08/2020,Monaco,FRA,1593.445313,2020-2021,2.789413865,2,Ligue 1
369,107,08/08/2020,Bordeaux,FRA,1593.233765,2020-2021,2.787906844,2,Ligue 1
370,116,08/08/2020,Strasbourg,FRA,1583.628418,2020-2021,2.71948043,2,Ligue 1
371,124,08/08/2020,Nantes,FRA,1575.25293,2020-2021,2.659815262,2,Ligue 1
372,125,08/08/2020,Angers,FRA,1574.713013,2020-2021,2.65596901,2,Ligue 1
373,135,08/08/2020,Saint-Etienne,FRA,1555.616089,2020-2021,2.519926652,2,Ligue 1
374,138,08/08/2020,Metz,FRA,1552.284302,2020-2021,2.496191721,2,Ligue 1
375,145,08/08/2020,Nimes,FRA,1542.223267,2020-2021,2.424519081,2,Ligue 1
376,150,08/08/2020,Brest,FRA,1539.004272,2020-2021,2.401587662,2,Ligue 1
377,160,08/08/2020,Dijon,FRA,1524.970947,2020-2021,2.301617287,2,Ligue 1
378,206,08/08/2020,Lens,FRA,1484.045288,2020-2021,2.010071736,2,Ligue 1
379,207,08/08/2020,Lorient,FRA,1482.63147,2020-2021,2,2,Ligue 1
380,9,08/08/2021,Paris SG,FRA,1880.325928,2021-2022,5,4,Ligue 1
381,29,09/08/2021,Lille,FRA,1751.260986,2021-2022,3.969397751,3.5,Ligue 1
382,37,08/08/2021,Lyon,FRA,1736.658936,2021-2022,3.852798261,3.5,Ligue 1
383,46,07/08/2021,Monaco,FRA,1708.794189,2021-2022,3.630294228,3,Ligue 1
384,76,09/08/2021,Marseille,FRA,1641.708862,2021-2022,3.094608175,3,Ligue 1
385,82,09/08/2021,Rennes,FRA,1623.057129,2021-2022,2.945671383,3,Ligue 1
386,101,09/08/2021,Montpellier,FRA,1595.496704,2021-2022,2.725597399,3,Ligue 1
387,113,09/08/2021,Nice,FRA,1572.565918,2021-2022,2.542491751,2,Ligue 1
388,115,09/08/2021,Lens,FRA,1571.573975,2021-2022,2.53457094,2,Ligue 1
389,116,09/08/2021,Reims,FRA,1570.410156,2021-2022,2.525277682,2,Ligue 1
390,121,07/08/2021,Nantes,FRA,1566.259277,2021-2022,2.492132312,2,Ligue 1
391,126,09/08/2021,Saint-Etienne,FRA,1556.631348,2021-2022,2.4152519,2,Ligue 1
392,132,09/08/2021,Strasbourg,FRA,1550.131348,2021-2022,2.363348458,2,Ligue 1
393,134,09/08/2021,Metz,FRA,1548.396851,2021-2022,2.349498248,2,Ligue 1
394,145,09/08/2021,Angers,FRA,1535.559692,2021-2022,2.24699168,2,Ligue 1
395,155,09/08/2021,Lorient,FRA,1525.653564,2021-2022,2.167889814,2,Ligue 1
396,156,09/08/2021,Bordeaux,FRA,1525.189087,2021-2022,2.164180894,2,Ligue 1
397,158,09/08/2021,Clermont Foot,FRA,1523.866089,2021-2022,2.153616563,2,Ligue 1
398,159,08/08/2021,Brest,FRA,1523.299072,2021-2022,2.149088853,2,Ligue 1
399,183,08/08/2021,Troyes,FRA,1504.628296,2021-2022,2,2,Ligue 1
400,11,10/08/2022,Paris SG,FRA,1860.24292,2022-2023,5,4,Ligue 1
401,34,10/08/2022,Monaco,FRA,1743.599365,2022-2023,4.049602403,3.5,Ligue 1
402,38,10/08/2022,Lyon,FRA,1735.13855,2022-2023,3.980664701,3.5,Ligue 1
403,43,10/08/2022,Marseille,FRA,1722.199219,2022-2023,3.875236594,3,Ligue 1
404,51,10/08/2022,Rennes,FRA,1702.565674,2022-2023,3.715264841,3,Ligue 1
405,52,10/08/2022,Lille,FRA,1698.94104,2022-2023,3.685731763,3,Ligue 1
406,64,10/08/2022,Lens,FRA,1666.830566,2022-2023,3.424099501,3,Ligue 1
407,66,10/08/2022,Nice,FRA,1659.050415,2022-2023,3.360707767,3,Ligue 1
408,68,10/08/2022,Strasbourg,FRA,1657.291748,2022-2023,3.346378361,3,Ligue 1
409,88,10/08/2022,Nantes,FRA,1625.893066,2022-2023,3.090545695,3,Ligue 1
410,109,10/08/2022,Reims,FRA,1590.098511,2022-2023,2.798895978,2,Ligue 1
411,120,10/08/2022,Montpellier,FRA,1563.491577,2022-2023,2.582105897,2,Ligue 1
412,126,10/08/2022,Toulouse,FRA,1558.449951,2022-2023,2.541027337,2,Ligue 1
413,128,10/08/2022,Brest,FRA,1558.025757,2022-2023,2.537571053,2,Ligue 1
414,139,10/08/2022,Angers,FRA,1542.581543,2022-2023,2.411733463,2,Ligue 1
415,143,10/08/2022,Troyes,FRA,1536.861694,2022-2023,2.365128827,2,Ligue 1
416,145,10/08/2022,Lorient,FRA,1534.317017,2022-2023,2.3443951,2,Ligue 1
417,174,10/08/2022,Auxerre,FRA,1511.649902,2022-2023,2.159706191,2,Ligue 1
418,181,10/08/2022,Clermont Foot,FRA,1504.260254,2022-2023,2.099496228,2,Ligue 1
419,195,10/08/2022,Ajaccio,FRA,1492.04895,2022-2023,2,2,Ligue 1
420,20,10/08/2023,Paris SG,FRA,1808.736938,2023-2024,5,4,Ligue 1
421,29,10/08/2023,Lens,FRA,1759.539795,2023-2024,4.557769589,4,Ligue 1
422,49,10/08/2023,Rennes,FRA,1703.996582,2023-2024,4.05849471,3,Ligue 1
423,50,10/08/2023,Marseille,FRA,1700.844238,2023-2024,4.030158466,3,Ligue 1
424,52,10/08/2023,Lille,FRA,1698.283691,2023-2024,4.007141851,3,Ligue 1
425,54,10/08/2023,Lyon,FRA,1694.090454,2023-2024,3.969449072,3,Ligue 1
426,71,10/08/2023,Nice,FRA,1654.290894,2023-2024,3.611693017,3,Ligue 1
427,76,10/08/2023,Monaco,FRA,1650.922729,2023-2024,3.581416776,3,Ligue 1
428,110,10/08/2023,Montpellier,FRA,1602.534668,2023-2024,3.146459158,3,Ligue 1
429,112,10/08/2023,Strasbourg,FRA,1600.372803,2023-2024,3.127026271,3,Ligue 1
430,115,10/08/2023,Reims,FRA,1594.572144,2023-2024,3.074884465,2,Ligue 1
431,117,10/08/2023,Clermont Foot,FRA,1591.617065,2023-2024,3.048321431,2,Ligue 1
432,129,10/08/2023,Lorient,FRA,1571.228027,2023-2024,2.865045492,2,Ligue 1
433,131,10/08/2023,Brest,FRA,1570.269165,2023-2024,2.856426331,2,Ligue 1
434,134,10/08/2023,Toulouse,FRA,1566.694214,2023-2024,2.824291292,2,Ligue 1
435,159,10/08/2023,Metz,FRA,1536.94043,2023-2024,2.556836167,2,Ligue 1
436,169,10/08/2023,Nantes,FRA,1527.015503,2023-2024,2.467621547,2,Ligue 1
437,218,10/08/2023,Le Havre,FRA,1474.993652,2023-2024,2,2,Ligue 1
438,9,07/08/2024,Paris SG,FRA,1878.525024,2024-2025,5,4,Ligue 1
439,33,07/08/2024,Monaco,FRA,1762.168701,2024-2025,4.133463252,4,Ligue 1
440,36,07/08/2024,Lille,FRA,1755.527466,2024-2025,4.084004192,3.5,Ligue 1
441,40,07/08/2024,Marseille,FRA,1725.368286,2024-2025,3.859400691,3,Ligue 1
442,42,07/08/2024,Lens,FRA,1720.261353,2024-2025,3.821367987,3,Ligue 1
443,46,07/08/2024,Lyon,FRA,1714.303467,2024-2025,3.776998014,3,Ligue 1
444,52,08/08/2024,Brest,FRA,1705.455688,2024-2025,3.711106236,3,Ligue 1
445,53,08/08/2024,Nice,FRA,1703.765747,2024-2025,3.698520789,3,Ligue 1
446,56,08/08/2024,Rennes,FRA,1694.684937,2024-2025,3.630893557,3,Ligue 1
447,77,09/08/2024,Montpellier,FRA,1646.921509,2024-2025,3.2751865,3,Ligue 1
448,81,09/08/2024,Toulouse,FRA,1645.21875,2024-2025,3.262505599,3,Ligue 1
449,91,07/08/2024,Reims,FRA,1634.746582,2024-2025,3.184516555,3,Ligue 1
450,106,07/08/2024,Strasbourg,FRA,1609.859619,2024-2025,2.999176667,3,Ligue 1
451,143,07/08/2024,Auxerre,FRA,1559.771362,2024-2025,2.626155984,2,Ligue 1
452,153,07/08/2024,Le Havre,FRA,1543.24353,2024-2025,2.503068786,2,Ligue 1
453,154,07/08/2024,Nantes,FRA,1542.641846,2024-2025,2.49858788,2,Ligue 1
454,177,07/08/2024,Saint-Etienne,FRA,1511.638794,2024-2025,2.267699838,2,Ligue 1
455,214,07/08/2024,Angers,FRA,1475.692749,2024-2025,2,2,Ligue 1
456,3,11/04/2025,Paris SG,FRA,1953.050537,2025-2026,5,5,Ligue 1
457,24,11/04/2025,Lille,FRA,1784.510864,2025-2026,3.894773749,4,Ligue 1
458,35,11/04/2025,Lyon,FRA,1756.77771,2025-2026,3.71290909,4,Ligue 1
459,37,11/04/2025,Monaco,FRA,1752.096313,2025-2026,3.682210073,3.5,Ligue 1
460,39,11/04/2025,Marseille,FRA,1739.318359,2025-2026,3.598416566,3.5,Ligue 1
461,55,11/04/2025,Nice,FRA,1694.405884,2025-2026,3.30389572,3,Ligue 1
462,63,11/04/2025,Brest,FRA,1678.046875,2025-2026,3.196618865,3,Ligue 1
463,65,11/04/2025,Strasbourg,FRA,1677.954956,2025-2026,3.196016092,3,Ligue 1
464,70,11/04/2025,Lens,FRA,1670.28894,2025-2026,3.145744951,3,Ligue 1
465,71,11/04/2025,Toulouse,FRA,1667.969238,2025-2026,3.130533128,3,Ligue 1
466,79,11/04/2025,Rennes,FRA,1652.017822,2025-2026,3.025929129,3,Ligue 1
467,95,11/04/2025,Auxerre,FRA,1607.192017,2025-2026,2.731976635,3,Ligue 1
468,124,11/04/2025,Reims,FRA,1565.774536,2025-2026,2.460374787,2,Ligue 1
469,134,11/04/2025,Nantes,FRA,1555.84668,2025-2026,2.395271257,2,Ligue 1
470,150,11/04/2025,Montpellier,FRA,1537.216431,2025-2026,2.273100377,2,Ligue 1
471,167,11/04/2025,Angers,FRA,1521.890625,2025-2026,2.172598919,2,Ligue 1
472,177,11/04/2025,Le Havre,FRA,1512.182861,2025-2026,2.108938684,2,Ligue 1
473,188,11/04/2025,Saint-Etienne,FRA,1495.570435,2025-2026,2,2,Ligue 1
474,4,10/08/2018,Bayern Munich,GER,1948.63855,2018-2019,5,5,Bundesliga
475,24,10/08/2018,Dortmund,GER,1743.074829,2018-2019,3.694131113,3.5,Bundesliga
476,25,10/08/2018,Schalke 04,GER,1740.848877,2018-2019,3.679990477,3.5,Bundesliga
477,38,10/08/2018,Hoffenheim,GER,1716.555054,2018-2019,3.525660969,3,Bundesliga
478,40,10/08/2018,Leverkusen,GER,1710.254028,2018-2019,3.485632928,3,Bundesliga
479,46,10/08/2018,RB Leipzig,GER,1695.991333,2018-2019,3.395027397,3,Bundesliga
480,58,10/08/2018,Gladbach,GER,1664.813965,2018-2019,3.196969321,3,Bundesliga
481,59,10/08/2018,Stuttgart,GER,1664.261353,2018-2019,3.193458783,3,Bundesliga
482,62,10/08/2018,Werder Bremen,GER,1659.265503,2018-2019,3.161722032,3,Bundesliga
483,77,10/08/2018,Eint Frankfurt,GER,1632.425415,2018-2019,2.991217064,3,Bundesliga
484,85,10/08/2018,Augsburg,GER,1619.231079,2018-2019,2.907398418,3,Bundesliga
485,87,10/08/2018,Hertha BSC,GER,1613.989258,2018-2019,2.874099102,3,Bundesliga
486,91,10/08/2018,Wolfsburg,GER,1604.883301,2018-2019,2.816252386,3,Bundesliga
487,97,10/08/2018,Mainz 05,GER,1601.019043,2018-2019,2.791704212,3,Bundesliga
488,112,10/08/2018,Hannover,GER,1580.628662,2018-2019,2.662171803,2,Bundesliga
489,116,10/08/2018,Freiburg,GER,1577.848022,2018-2019,2.644507447,2,Bundesliga
490,177,10/08/2018,Nuernberg,GER,1504.930664,2018-2019,2.181290935,2,Bundesliga
491,209,10/08/2018,Duesseldorf,GER,1476.3927,2018-2019,2,2,Bundesliga
492,3,09/08/2019,Bayern Munich,GER,1947.874878,2019-2020,5,5,Bundesliga
493,13,09/08/2019,Dortmund,GER,1826.477783,2019-2020,4.182213345,4,Bundesliga
494,18,09/08/2019,RB Leipzig,GER,1785.121948,2019-2020,3.903621423,4,Bundesliga
495,21,09/08/2019,Leverkusen,GER,1764.541992,2019-2020,3.764985375,4,Bundesliga
496,26,09/08/2019,Eint Frankfurt,GER,1750.555664,2019-2020,3.670767037,3.5,Bundesliga
497,35,09/08/2019,Hoffenheim,GER,1730.598755,2019-2020,3.53632812,3.5,Bundesliga
498,39,09/08/2019,Werder Bremen,GER,1720.955322,2019-2020,3.471365523,3,Bundesliga
499,44,09/08/2019,Wolfsburg,GER,1707.821777,2019-2020,3.382891925,3,Bundesliga
500,47,09/08/2019,Gladbach,GER,1697.165283,2019-2020,3.31110488,3,Bundesliga
501,70,09/08/2019,Mainz 05,GER,1653.58313,2019-2020,3.017515453,3,Bundesliga
502,71,09/08/2019,Schalke 04,GER,1650.017822,2019-2020,2.993497902,3,Bundesliga
503,74,09/08/2019,Hertha BSC,GER,1640.553467,2019-2020,2.929741651,3,Bundesliga
504,92,09/08/2019,Duesseldorf,GER,1607.654419,2019-2020,2.708118536,3,Bundesliga
505,97,09/08/2019,Freiburg,GER,1599.533081,2019-2020,2.653409469,3,Bundesliga
506,101,09/08/2019,Augsburg,GER,1594.918945,2019-2020,2.622326529,3,Bundesliga
507,116,09/08/2019,Koln,GER,1571.901367,2019-2020,2.467269538,2,Bundesliga
508,146,09/08/2019,Union Berlin,GER,1541.013306,2019-2020,2.259193352,2,Bundesliga
509,188,09/08/2019,Paderborn,GER,1502.537109,2019-2020,2,2,Bundesliga
510,0,09/08/2020,Bayern Munich,GER,2013.735474,2020-2021,5,5,Bundesliga
511,8,09/08/2020,RB Leipzig,GER,1844.786621,2020-2021,3.868388922,4,Bundesliga
512,11,09/08/2020,Dortmund,GER,1834.19104,2020-2021,3.797420242,4,Bundesliga
513,18,09/08/2020,Leverkusen,GER,1796.094482,2020-2021,3.542251379,4,Bundesliga
514,26,09/08/2020,Gladbach,GER,1759.936523,2020-2021,3.300067154,4,Bundesliga
515,35,09/08/2020,Hoffenheim,GER,1729.716431,2020-2021,3.097654464,3.5,Bundesliga
516,42,09/08/2020,Wolfsburg,GER,1707.354492,2020-2021,2.947875303,3,Bundesliga
517,46,09/08/2020,Eint Frankfurt,GER,1699.403809,2020-2021,2.894622017,3,Bundesliga
518,60,09/08/2020,Freiburg,GER,1660.372681,2020-2021,2.633193447,3,Bundesliga
519,64,09/08/2020,Mainz 05,GER,1652.326294,2020-2021,2.579299146,3,Bundesliga
520,66,09/08/2020,Hertha BSC,GER,1648.324341,2020-2021,2.552494262,3,Bundesliga
521,78,09/08/2020,Werder Bremen,GER,1632.452637,2020-2021,2.446186371,3,Bundesliga
522,91,09/08/2020,Schalke 04,GER,1607.872192,2020-2021,2.281547767,3,Bundesliga
523,93,10/08/2020,Augsburg,GER,1605.108154,2020-2021,2.263034377,3,Bundesliga
524,97,09/08/2020,Koln,GER,1600.319824,2020-2021,2.230962378,3,Bundesliga
525,98,09/08/2020,Union Berlin,GER,1599.987671,2020-2021,2.228737631,3,Bundesliga
526,105,09/08/2020,Bielefeld,GER,1594.472778,2020-2021,2.191799153,2,Bundesliga
527,131,09/08/2020,Stuttgart,GER,1565.83728,2020-2021,2,2,Bundesliga
528,1,23/05/2021,Bayern Munich,GER,1993.567505,2021-2022,5,5,Bundesliga
529,13,23/05/2021,Dortmund,GER,1843.855347,2021-2022,3.974716275,4,Bundesliga
530,18,04/08/2021,RB Leipzig,GER,1817.061401,2021-2022,3.791221518,4,Bundesliga
531,26,23/05/2021,Wolfsburg,GER,1769.324219,2021-2022,3.464299797,4,Bundesliga
532,28,27/05/2021,Eint Frankfurt,GER,1760.56543,2021-2022,3.404316399,4,Bundesliga
533,31,08/08/2021,Gladbach,GER,1748.460449,2021-2022,3.321417057,3.5,Bundesliga
534,38,24/05/2021,Leverkusen,GER,1734.743896,2021-2022,3.227481077,3.5,Bundesliga
535,53,08/08/2021,Hoffenheim,GER,1691.554077,2021-2022,2.931701366,3,Bundesliga
536,57,08/08/2021,Union Berlin,GER,1685.000366,2021-2022,2.886819152,3,Bundesliga
537,61,08/08/2021,Freiburg,GER,1676.970337,2021-2022,2.831826568,3,Bundesliga
538,71,04/08/2021,Mainz 05,GER,1661.15625,2021-2022,2.723525906,3,Bundesliga
539,74,23/05/2021,Stuttgart,GER,1644.197876,2021-2022,2.607388745,3,Bundesliga
540,77,09/08/2021,Hertha BSC,GER,1637.679932,2021-2022,2.562751474,3,Bundesliga
541,94,04/08/2021,Bielefeld,GER,1606.244385,2021-2022,2.347469329,3,Bundesliga
542,99,09/08/2021,Koln,GER,1596.572266,2021-2022,2.281231112,3,Bundesliga
543,100,01/08/2021,Augsburg,GER,1595.594604,2021-2022,2.27453573,3,Bundesliga
544,122,02/07/2021,Bochum,GER,1563.644165,2021-2022,2.055727412,2,Bundesliga
545,127,02/07/2021,Fuerth,GER,1555.506836,2021-2022,2,2,Bundesliga
546,3,06/08/2022,Bayern Munich,GER,1966.4552,2022-2023,5,5,Bundesliga
547,16,08/08/2022,RB Leipzig,GER,1807.52356,2022-2023,3.789358741,4,Bundesliga
548,17,08/08/2022,Dortmund,GER,1806.108521,2022-2023,3.778579864,4,Bundesliga
549,20,07/08/2022,Leverkusen,GER,1788.228394,2022-2023,3.642380304,4,Bundesliga
550,37,07/08/2022,Union Berlin,GER,1736.267822,2022-2023,3.246577359,3.5,Bundesliga
551,39,08/08/2022,Freiburg,GER,1731.702393,2022-2023,3.211800788,3.5,Bundesliga
552,41,08/08/2022,Eint Frankfurt,GER,1728.546753,2022-2023,3.18776311,3.5,Bundesliga
553,45,08/08/2022,Gladbach,GER,1719.254883,2022-2023,3.116983489,3,Bundesliga
554,55,07/08/2022,Mainz 05,GER,1687.680054,2022-2023,2.876466304,3,Bundesliga
555,56,08/08/2022,Koln,GER,1685.562256,2022-2023,2.860334252,3,Bundesliga
556,59,07/08/2022,Wolfsburg,GER,1678.18396,2022-2023,2.804131035,3,Bundesliga
557,70,10/08/2022,Hoffenheim,GER,1656.453003,2022-2023,2.638598275,3,Bundesliga
558,89,08/08/2022,Stuttgart,GER,1624.772949,2022-2023,2.397279555,3,Bundesliga
559,99,07/08/2022,Bochum,GER,1605.823364,2022-2023,2.252933537,3,Bundesliga
560,100,07/08/2022,Augsburg,GER,1603.224487,2022-2023,2.233136927,3,Bundesliga
561,101,07/08/2022,Werder Bremen,GER,1600.524902,2022-2023,2.212573187,3,Bundesliga
562,107,07/08/2022,Hertha BSC,GER,1593.150513,2022-2023,2.156399726,2,Bundesliga
563,117,08/08/2022,Schalke 04,GER,1572.61853,2022-2023,2,2,Bundesliga
564,2,28/05/2023,Bayern Munich,GER,1935.626709,2023-2024,5,5,Bundesliga
565,11,28/05/2023,Dortmund,GER,1840.537964,2023-2024,4.255656154,4,Bundesliga
566,16,08/06/2023,RB Leipzig,GER,1825.38208,2023-2024,4.137017625,4,Bundesliga
567,36,09/08/2023,Leverkusen,GER,1748.234009,2023-2024,3.533111327,3.5,Bundesliga
568,39,29/05/2023,Union Berlin,GER,1738.940674,2023-2024,3.460364161,3.5,Bundesliga
569,41,28/05/2023,Freiburg,GER,1732.670044,2023-2024,3.411278386,3.5,Bundesliga
570,46,08/06/2023,Eint Frankfurt,GER,1717.049316,2023-2024,3.289001113,3,Bundesliga
571,47,04/06/2023,Wolfsburg,GER,1710.005493,2023-2024,3.233862869,3,Bundesliga
572,56,07/08/2023,Gladbach,GER,1684.28418,2023-2024,3.032519362,3,Bundesliga
573,57,07/08/2023,Mainz 05,GER,1682.035889,2023-2024,3.014919996,3,Bundesliga
574,64,05/08/2023,Koln,GER,1664.445679,2023-2024,2.87722584,3,Bundesliga
575,81,06/08/2023,Hoffenheim,GER,1639.179443,2023-2024,2.679444633,3,Bundesliga
576,88,10/08/2023,Stuttgart,GER,1628.823608,2023-2024,2.598380339,3,Bundesliga
577,106,28/05/2023,Bochum,GER,1608.658569,2023-2024,2.440530714,3,Bundesliga
578,111,28/05/2023,Werder Bremen,GER,1602.033325,2023-2024,2.388669059,3,Bundesliga
579,120,28/05/2023,Augsburg,GER,1587.163696,2023-2024,2.2722713,2,Bundesliga
580,133,02/07/2023,Heidenheim,GER,1568.462402,2023-2024,2.125879705,2,Bundesliga
581,145,02/07/2023,Darmstadt 98,GER,1552.38147,2023-2024,2,2,Bundesliga
582,4,02/06/2024,Leverkusen,GER,1925.041504,2024-2025,5,5,Bundesliga
583,6,02/06/2024,Bayern Munich,GER,1900.066284,2024-2025,4.78685496,5,Bundesliga
584,10,02/06/2024,Dortmund,GER,1869.189087,2024-2025,4.523340905,4,Bundesliga
585,11,02/06/2024,RB Leipzig,GER,1846.694092,2024-2025,4.331362749,4,Bundesliga
586,18,09/08/2024,Stuttgart,GER,1808.23938,2024-2025,4.003180207,4,Bundesliga
587,54,08/08/2024,Eint Frankfurt,GER,1696.986694,2024-2025,3.053720769,3,Bundesliga
588,57,08/08/2024,Mainz 05,GER,1693.445435,2024-2025,3.023498734,3,Bundesliga
589,60,09/08/2024,Hoffenheim,GER,1683.038208,2024-2025,2.934680748,3,Bundesliga
590,63,02/06/2024,Freiburg,GER,1677.572388,2024-2025,2.888034012,3,Bundesliga
591,66,02/06/2024,Werder Bremen,GER,1666.809937,2024-2025,2.796184446,3,Bundesliga
592,73,08/08/2024,Wolfsburg,GER,1652.273804,2024-2025,2.672129297,3,Bundesliga
593,74,08/08/2024,Gladbach,GER,1652.190674,2024-2025,2.671419845,3,Bundesliga
594,78,09/08/2024,Heidenheim,GER,1646.39917,2024-2025,2.62199364,3,Bundesliga
595,87,07/08/2024,Union Berlin,GER,1639.594116,2024-2025,2.563917537,3,Bundesliga
596,94,10/08/2024,Augsburg,GER,1626.437866,2024-2025,2.451638668,3,Bundesliga
597,112,04/07/2024,St. Pauli,GER,1598.638184,2024-2025,2.214388925,3,Bundesliga
598,113,02/06/2024,Bochum,GER,1596.984619,2024-2025,2.200276975,3,Bundesliga
599,129,04/07/2024,Holstein Kiel,GER,1573.517212,2024-2025,2,2,Bundesliga
600,6,11/04/2025,Bayern Munich,GER,1928.140625,2025-2026,5,5,Bundesliga
601,9,11/04/2025,Leverkusen,GER,1877.431274,2025-2026,4.613664123,4,Bundesliga
602,27,11/04/2025,Dortmund,GER,1782.904907,2025-2026,3.893502525,4,Bundesliga
603,40,11/04/2025,Mainz 05,GER,1738.871948,2025-2026,3.558031618,3.5,Bundesliga
604,42,11/04/2025,Eint Frankfurt,GER,1734.690063,2025-2026,3.526171377,3.5,Bundesliga
605,43,11/04/2025,RB Leipzig,GER,1734.125,2025-2026,3.521866366,3.5,Bundesliga
606,46,11/04/2025,Stuttgart,GER,1724.803223,2025-2026,3.450847176,3,Bundesliga
607,53,11/04/2025,Wolfsburg,GER,1694.674927,2025-2026,3.221310779,3,Bundesliga
608,59,11/04/2025,Freiburg,GER,1689.604858,2025-2026,3.182683795,3,Bundesliga
609,76,11/04/2025,Augsburg,GER,1656.880615,2025-2026,2.933369831,3,Bundesliga
610,77,11/04/2025,Gladbach,GER,1656.758545,2025-2026,2.932439822,3,Bundesliga
611,80,11/04/2025,Werder Bremen,GER,1649.740845,2025-2026,2.878974548,3,Bundesliga
612,90,11/04/2025,Hoffenheim,GER,1622.941895,2025-2026,2.67480321,3,Bundesliga
613,101,11/04/2025,Union Berlin,GER,1599.914673,2025-2026,2.499367284,3,Bundesliga
614,116,11/04/2025,St. Pauli,GER,1574.944458,2025-2026,2.309128408,2,Bundesliga
615,126,11/04/2025,Bochum,GER,1564.445801,2025-2026,2.229143003,2,Bundesliga
616,147,11/04/2025,Holstein Kiel,GER,1539.690918,2025-2026,2.040544663,2,Bundesliga
617,154,11/04/2025,Heidenheim,GER,1534.369141,2025-2026,2,2,Bundesliga
618,3,10/08/2018,Juventus,ITA,1961.700073,2018-2019,5,5,Serie A
619,10,10/08/2018,Napoli,ITA,1858.358643,2018-2019,4.351484002,4,Serie A
620,11,10/08/2018,Roma,ITA,1849.110962,2018-2019,4.293450464,4,Serie A
621,21,10/08/2018,Lazio,ITA,1756.397217,2018-2019,3.711628183,4,Serie A
622,23,10/08/2018,Inter,ITA,1755.279663,2018-2019,3.704615008,3.5,Serie A
623,26,10/08/2018,Atalanta,ITA,1737.001343,2018-2019,3.589909966,3.5,Serie A
624,35,10/08/2018,Milan,ITA,1723.240112,2018-2019,3.503551784,3,Serie A
625,52,10/08/2018,Fiorentina,ITA,1685.539063,2018-2019,3.266959995,3,Serie A
626,53,10/08/2018,Torino,ITA,1680.12915,2018-2019,3.233010257,3,Serie A
627,94,10/08/2018,Sampdoria,ITA,1603.343262,2018-2019,2.751142753,3,Serie A
628,99,10/08/2018,Sassuolo,ITA,1598.348022,2018-2019,2.719795281,3,Serie A
629,104,10/08/2018,Empoli,ITA,1590.083862,2018-2019,2.667933796,2,Serie A
630,130,10/08/2018,Genoa,ITA,1563.925293,2018-2019,2.503776492,2,Serie A
631,134,10/08/2018,Chievo,ITA,1560.253906,2018-2019,2.480736816,2,Serie A
632,137,10/08/2018,SPAL,ITA,1557.241577,2018-2019,2.461833037,2,Serie A
633,138,10/08/2018,Udinese,ITA,1557.146729,2018-2019,2.461237817,2,Serie A
634,142,10/08/2018,Cagliari,ITA,1552.585205,2018-2019,2.432612116,2,Serie A
635,145,10/08/2018,Bologna,ITA,1549.039917,2018-2019,2.410363768,2,Serie A
636,180,10/08/2018,Frosinone,ITA,1501.816772,2018-2019,2.114016364,2,Serie A
637,199,10/08/2018,Parma,ITA,1483.648193,2018-2019,2,2,Serie A
638,7,09/08/2019,Juventus,ITA,1873.191895,2019-2020,5,4,Serie A
639,15,09/08/2019,Napoli,ITA,1811.208984,2019-2020,4.57593345,4,Serie A
640,24,09/08/2019,Roma,ITA,1753.000366,2019-2020,4.177689355,3.5,Serie A
641,25,09/08/2019,Atalanta,ITA,1752.393188,2019-2020,4.173535246,3.5,Serie A
642,32,10/08/2019,Inter,ITA,1735.702271,2019-2020,4.059341512,3.5,Serie A
643,42,09/08/2019,Milan,ITA,1716.029175,2019-2020,3.924744704,3,Serie A
644,45,09/08/2019,Torino,ITA,1704.582153,2019-2020,3.846427973,3,Serie A
645,64,09/08/2019,Lazio,ITA,1663.960571,2019-2020,3.568508557,3,Serie A
646,91,09/08/2019,Sampdoria,ITA,1614.36499,2019-2020,3.229192012,3,Serie A
647,100,09/08/2019,Fiorentina,ITA,1596.984009,2019-2020,3.110277091,3,Serie A
648,113,09/08/2019,Bologna,ITA,1577.697876,2019-2020,2.978327755,2,Serie A
649,118,09/08/2019,Sassuolo,ITA,1570.958984,2019-2020,2.93222249,2,Serie A
650,122,09/08/2019,Udinese,ITA,1566.633301,2019-2020,2.902627595,2,Serie A
651,135,09/08/2019,SPAL,ITA,1555.582275,2019-2020,2.827020138,2,Serie A
652,143,09/08/2019,Genoa,ITA,1542.48645,2019-2020,2.737422838,2,Serie A
653,149,09/08/2019,Cagliari,ITA,1537.3125,2019-2020,2.702024383,2,Serie A
654,185,09/08/2019,Parma,ITA,1503.598267,2019-2020,2.47136276,2,Serie A
655,214,09/08/2019,Brescia,ITA,1477.890381,2019-2020,2.295477917,2,Serie A
656,231,09/08/2019,Lecce,ITA,1460.606567,2019-2020,2.177227788,2,Serie A
657,266,09/08/2019,Hellas Verona,ITA,1434.702393,2019-2020,2,2,Serie A
658,10,09/08/2020,Juventus,ITA,1834.84729,2020-2021,5,4,Serie A
659,13,09/08/2020,Atalanta,ITA,1828.613525,2020-2021,4.952924037,4,Serie A
660,14,09/08/2020,Inter,ITA,1824.097168,2020-2021,4.918817541,4,Serie A
661,24,09/08/2020,Milan,ITA,1762.444702,2020-2021,4.453232242,4,Serie A
662,25,09/08/2020,Napoli,ITA,1760.876831,2020-2021,4.441392038,4,Serie A
663,28,09/08/2020,Roma,ITA,1744.286621,2020-2021,4.316106573,3.5,Serie A
664,37,09/08/2020,Lazio,ITA,1725.914063,2020-2021,4.177361219,3,Serie A
665,73,10/08/2020,Fiorentina,ITA,1639.065796,2020-2021,3.521503004,3,Serie A
666,77,09/08/2020,Sassuolo,ITA,1632.595825,2020-2021,3.472643267,3,Serie A
667,108,09/08/2020,Udinese,ITA,1592.344727,2020-2021,3.168676191,2,Serie A
668,112,09/08/2020,Sampdoria,ITA,1585.721191,2020-2021,3.118656771,2,Serie A
669,117,09/08/2020,Torino,ITA,1582.371582,2020-2021,3.093361288,2,Serie A
670,119,09/08/2020,Bologna,ITA,1581.412598,2020-2021,3.086119258,2,Serie A
671,120,09/08/2020,Cagliari,ITA,1579.192749,2020-2021,3.069355469,2,Serie A
672,121,09/08/2020,Parma,ITA,1578.931763,2020-2021,3.06738456,2,Serie A
673,141,09/08/2020,Genoa,ITA,1547.559204,2020-2021,2.830466184,2,Serie A
674,143,09/08/2020,Hellas Verona,ITA,1545.310791,2020-2021,2.813486684,2,Serie A
675,197,09/08/2020,Lecce,ITA,1493.058594,2020-2021,2.418890059,2,Serie A
676,253,09/08/2020,Brescia,ITA,1450.737427,2020-2021,2.099290301,2,Serie A
677,268,09/08/2020,SPAL,ITA,1437.589478,2020-2021,2,2,Serie A
678,7,24/05/2021,Inter,ITA,1898.133057,2021-2022,5,5,Serie A
679,11,24/05/2021,Juventus,ITA,1849.134033,2021-2022,4.644625185,4,Serie A
680,14,24/05/2021,Atalanta,ITA,1836.632324,2021-2022,4.553954142,4,Serie A
681,21,05/08/2021,Napoli,ITA,1803.561523,2021-2022,4.314101817,4,Serie A
682,22,05/08/2021,Milan,ITA,1802.771729,2021-2022,4.308373678,4,Serie A
683,35,08/08/2021,Roma,ITA,1738.817993,2021-2022,3.844536946,3.5,Serie A
684,39,24/05/2021,Lazio,ITA,1732.317261,2021-2022,3.797389137,3.5,Serie A
685,50,08/08/2021,Sassuolo,ITA,1697.335815,2021-2022,3.543679496,3,Serie A
686,75,23/05/2021,Sampdoria,ITA,1643.214966,2021-2022,3.151157654,3,Serie A
687,81,08/08/2021,Fiorentina,ITA,1628.543213,2021-2022,3.044747952,3,Serie A
688,95,04/08/2021,Genoa,ITA,1604.811279,2021-2022,2.872627551,3,Serie A
689,103,24/05/2021,Bologna,ITA,1593.509399,2021-2022,2.7906585,2,Serie A
690,104,24/05/2021,Udinese,ITA,1590.838379,2021-2022,2.771286411,2,Serie A
691,105,23/05/2021,Cagliari,ITA,1588.585083,2021-2022,2.754943951,2,Serie A
692,107,24/05/2021,Torino,ITA,1586.182983,2021-2022,2.737522263,2,Serie A
693,108,24/05/2021,Hellas Verona,ITA,1585.229492,2021-2022,2.730606885,2,Serie A
694,139,02/07/2021,Empoli,ITA,1543.616333,2021-2022,2.428799466,2,Serie A
695,141,24/05/2021,Spezia,ITA,1542.162354,2021-2022,2.418254201,2,Serie A
696,198,02/07/2021,Venezia,ITA,1494.067871,2021-2022,2.069439743,2,Serie A
697,206,02/07/2021,Salernitana,ITA,1484.49353,2021-2022,2,2,Serie A
698,9,26/05/2022,Inter,ITA,1863.922241,2022-2023,5,4,Serie A
699,13,26/05/2022,Milan,ITA,1833.274902,2022-2023,4.761419077,4,Serie A
700,18,08/08/2022,Napoli,ITA,1800.576416,2022-2023,4.506870547,4,Serie A
701,21,29/05/2022,Juventus,ITA,1783.073364,2022-2023,4.370614206,4,Serie A
702,32,07/08/2022,Roma,ITA,1754.908447,2022-2023,4.15135824,3.5,Serie A
703,40,08/08/2022,Atalanta,ITA,1729.884521,2022-2023,3.956554007,3.5,Serie A
704,44,08/08/2022,Lazio,ITA,1721.388672,2022-2023,3.890416205,3,Serie A
705,71,10/08/2022,Sassuolo,ITA,1654.803467,2022-2023,3.372069089,3,Serie A
706,72,10/08/2022,Fiorentina,ITA,1654.358887,2022-2023,3.368608158,3,Serie A
707,83,10/08/2022,Hellas Verona,ITA,1635.188354,2022-2023,3.219370951,3,Serie A
708,84,10/08/2022,Udinese,ITA,1632.251221,2022-2023,3.196506189,3,Serie A
709,90,08/08/2022,Torino,ITA,1624.252808,2022-2023,3.13424079,3,Serie A
710,104,26/05/2022,Bologna,ITA,1599.716675,2022-2023,2.943233889,3,Serie A
711,113,26/05/2022,Sampdoria,ITA,1580.582886,2022-2023,2.794282717,2,Serie A
712,133,26/05/2022,Empoli,ITA,1547.056519,2022-2023,2.533289367,2,Serie A
713,159,02/07/2022,Lecce,ITA,1526.752197,2022-2023,2.37522593,2,Serie A
714,162,26/05/2022,Spezia,ITA,1524.81665,2022-2023,2.360158241,2,Serie A
715,167,02/07/2022,Monza,ITA,1522.770142,2022-2023,2.344226745,2,Serie A
716,198,26/05/2022,Salernitana,ITA,1489.545654,2022-2023,2.085583445,2,Serie A
717,218,02/07/2022,Cremonese,ITA,1478.55188,2022-2023,2,2,Serie A
718,5,11/06/2023,Napoli,ITA,1904.459839,2023-2024,5,5,Serie A
719,6,11/06/2023,Inter,ITA,1882.351074,2023-2024,4.799929449,4,Serie A
720,13,11/06/2023,Milan,ITA,1829.896973,2023-2024,4.325252498,4,Serie A
721,21,11/06/2023,Juventus,ITA,1796.89624,2023-2024,4.026616422,4,Serie A
722,22,11/06/2023,Roma,ITA,1789.659302,2023-2024,3.961126636,4,Serie A
723,25,11/06/2023,Lazio,ITA,1779.98584,2023-2024,3.87358783,4,Serie A
724,30,11/06/2023,Atalanta,ITA,1759.284424,2023-2024,3.686252908,4,Serie A
725,35,09/08/2023,Fiorentina,ITA,1749.242188,2023-2024,3.595376923,3.5,Serie A
726,51,11/06/2023,Bologna,ITA,1700.807007,2023-2024,3.157068703,3,Serie A
727,55,07/08/2023,Torino,ITA,1692.630005,2023-2024,3.083071928,3,Serie A
728,70,10/08/2023,Monza,ITA,1655.775513,2023-2024,2.749561726,3,Serie A
729,74,10/08/2023,Udinese,ITA,1652.036743,2023-2024,2.71572819,3,Serie A
730,77,04/08/2023,Sassuolo,ITA,1649.588257,2023-2024,2.693570914,3,Serie A
731,90,10/08/2023,Empoli,ITA,1626.093384,2023-2024,2.480956945,3,Serie A
732,104,11/06/2023,Salernitana,ITA,1610.061523,2023-2024,2.335878593,3,Serie A
733,107,12/06/2023,Hellas Verona,ITA,1608.229858,2023-2024,2.319303166,3,Serie A
734,114,02/07/2023,Genoa,ITA,1597.383179,2023-2024,2.22114747,3,Serie A
735,116,02/07/2023,Frosinone,ITA,1592.141724,2023-2024,2.173715565,2,Serie A
736,123,11/06/2023,Lecce,ITA,1579.243042,2023-2024,2.05699053,2,Serie A
737,128,02/07/2023,Cagliari,ITA,1572.945313,2023-2024,2,2,Serie A
738,2,30/05/2024,Inter,ITA,1964.779541,2024-2025,5,5,Serie A
739,7,03/06/2024,Atalanta,ITA,1884.474487,2024-2025,4.424757349,4,Serie A
740,12,30/05/2024,Milan,ITA,1838.728027,2024-2025,4.097065459,4,Serie A
741,14,02/06/2024,Juventus,ITA,1827.828369,2024-2025,4.018988825,4,Serie A
742,15,30/05/2024,Roma,ITA,1812.416016,2024-2025,3.908586768,4,Serie A
743,20,30/05/2024,Bologna,ITA,1795.251709,2024-2025,3.785635089,4,Serie A
744,24,30/05/2024,Lazio,ITA,1784.743652,2024-2025,3.710363582,4,Serie A
745,27,02/08/2024,Napoli,ITA,1778.853638,2024-2025,3.66817212,4,Serie A
746,28,03/06/2024,Fiorentina,ITA,1776.373291,2024-2025,3.650404855,4,Serie A
747,38,30/05/2024,Torino,ITA,1738.894165,2024-2025,3.381933684,3.5,Serie A
748,55,08/08/2024,Genoa,ITA,1696.192505,2024-2025,3.07605236,3,Serie A
749,67,30/05/2024,Udinese,ITA,1666.170044,2024-2025,2.860994911,3,Serie A
750,68,30/05/2024,Monza,ITA,1664.857544,2024-2025,2.851593187,3,Serie A
751,86,07/08/2024,Hellas Verona,ITA,1639.840454,2024-2025,2.672390304,3,Serie A
752,88,09/08/2024,Empoli,ITA,1638.607056,2024-2025,2.663555202,3,Serie A
753,99,06/08/2024,Lecce,ITA,1618.490601,2024-2025,2.519456638,3,Serie A
754,103,30/05/2024,Cagliari,ITA,1611.592041,2024-2025,2.470040748,3,Serie A
755,130,04/07/2024,Parma,ITA,1571.972168,2024-2025,2.186234938,2,Serie A
756,138,04/07/2024,Venezia,ITA,1565.563721,2024-2025,2.14032983,2,Serie A
757,151,04/07/2024,Como,ITA,1545.973389,2024-2025,2,2,Serie A
758,4,11/04/2025,Inter,ITA,1952.586426,2025-2026,5,5,Serie A
759,10,11/04/2025,Atalanta,ITA,1869.373535,2025-2026,4.373683076,4,Serie A
760,13,11/04/2025,Napoli,ITA,1836.700806,2025-2026,4.127765847,4,Serie A
761,15,11/04/2025,Juventus,ITA,1818.785278,2025-2026,3.992921379,4,Serie A
762,22,11/04/2025,Lazio,ITA,1792.69043,2025-2026,3.796513765,4,Serie A
763,26,11/04/2025,Roma,ITA,1783.354004,2025-2026,3.726241461,4,Serie A
764,28,11/04/2025,Milan,ITA,1775.862793,2025-2026,3.669857503,4,Serie A
765,32,11/04/2025,Bologna,ITA,1771.05188,2025-2026,3.633647292,4,Serie A
766,38,11/04/2025,Fiorentina,ITA,1748.387939,2025-2026,3.463063031,3.5,Serie A
767,47,11/04/2025,Torino,ITA,1714.588623,2025-2026,3.208666342,3,Serie A
768,68,11/04/2025,Udinese,ITA,1676.477661,2025-2026,2.92181727,3,Serie A
769,74,11/04/2025,Genoa,ITA,1665.316406,2025-2026,2.837810059,3,Serie A
770,97,11/04/2025,Como,ITA,1602.9198,2025-2026,2.368170676,3,Serie A
771,99,11/04/2025,Cagliari,ITA,1602.005981,2025-2026,2.361292656,3,Serie A
772,102,11/04/2025,Hellas Verona,ITA,1596.034912,2025-2026,2.316350319,3,Serie A
773,108,11/04/2025,Empoli,ITA,1588.544678,2025-2026,2.25997371,2,Serie A
774,111,11/04/2025,Lecce,ITA,1584.035522,2025-2026,2.226034735,2,Serie A
775,121,11/04/2025,Parma,ITA,1567.374146,2025-2026,2.100629857,2,Serie A
776,122,11/04/2025,Monza,ITA,1566.898804,2025-2026,2.097052111,2,Serie A
777,139,11/04/2025,Venezia,ITA,1554.004395,2025-2026,2,2,Serie A
